/*
Navicat MySQL Data Transfer

Source Server         : localhost
Source Server Version : 50505
Source Host           : localhost:3306
Source Database       : ssm_jiancai_shopsite

Target Server Type    : MYSQL
Target Server Version : 50505
File Encoding         : 65001

Date: 2020-01-31 16:12:44
*/

SET FOREIGN_KEY_CHECKS=0;

-- ----------------------------
-- Table structure for `admin`
-- ----------------------------
DROP TABLE IF EXISTS `admin`;
CREATE TABLE `admin` (
  `adminid` varchar(255) NOT NULL,
  `username` varchar(255) DEFAULT NULL,
  `password` varchar(255) DEFAULT NULL,
  `realname` varchar(255) DEFAULT NULL,
  `contact` varchar(255) DEFAULT NULL,
  `addtime` varchar(255) DEFAULT NULL,
  PRIMARY KEY (`adminid`)
) ENGINE=InnoDB DEFAULT CHARSET=utf8;

-- ----------------------------
-- Records of admin
-- ----------------------------
INSERT INTO `admin` VALUES ('A20191208103825347', 'DA伟', '11', 'DA伟', '13245785698', '2019-12-08');
INSERT INTO `admin` VALUES ('A20191208194335811', '积极', '111', '1122', '13269854785', '2019-12-08');
INSERT INTO `admin` VALUES ('A20191210102712286', 'chen1', '1', 'chen1', '18941529685', '2019-12-10');
INSERT INTO `admin` VALUES ('A20191218165051132', 'admin', 'admin', 'admin', '18941359779', '2019-12-18');
INSERT INTO `admin` VALUES ('A20191218165225208', 'chen2', '2', 'chen2', '18941359779', '2019-12-18');

-- ----------------------------
-- Table structure for `article`
-- ----------------------------
DROP TABLE IF EXISTS `article`;
CREATE TABLE `article` (
  `articleid` varchar(255) NOT NULL,
  `title` varchar(255) DEFAULT NULL,
  `image` varchar(255) DEFAULT NULL,
  `contents` varchar(6000) DEFAULT NULL,
  `addtime` varchar(255) DEFAULT NULL,
  `hits` varchar(255) DEFAULT NULL,
  PRIMARY KEY (`articleid`)
) ENGINE=InnoDB DEFAULT CHARSET=utf8;

-- ----------------------------
-- Records of article
-- ----------------------------
INSERT INTO `article` VALUES ('A20190119125646594', '本站正式成立', 'upfiles/20190119125643.jpg', '<p>力争成为中国最大的建材采购商城！</p>\r\n', '2019-12-05', '5');
INSERT INTO `article` VALUES ('A20190119125705582', '济南市天桥区：将建华东地区最大高端建材综合体', 'upfiles/20190119125702.jpg', '<p style=\"text-align:justify\">12月1日，济南&ldquo;动能转换项目为王&rdquo;2019年全市重点项目建设观摩评议进入天桥区，重点观摩了富通光纤预制棒（一期）项目、修健新能源汽车配套智能制造项目、北邮济南工业互联网研究院项目、山东万城高端建材智慧综合体四大项目。</p>\r\n\r\n<p style=\"text-align:justify\">光纤预制棒项目助力济南打造全省&ldquo;光谷&rdquo;</p>\r\n\r\n<p style=\"text-align:justify\">富通光纤预制棒（一期）项目由中国企业500强、光通讯产业的领航企业浙江富通集团运营管理，主要进行光纤预制棒及光纤光缆的全产业链生产，占地138亩，建筑面积10万平方米，总投资12.5亿元，建设生产厂房及配套基础设施。</p>\r\n\r\n<p style=\"text-align:justify\">该项目全部采用世界上最先进的设备和技术，自主研发的光纤预制棒规模化量产将进一步大幅降低生产成本、提升核心竞争力，打破国外对光纤预制棒的垄断，填补济南市高端光通讯产业空白。全部建成后，将带动形成&ldquo;光棒-光纤-光缆&rdquo;全产业链，打造产值过百亿元的光通讯产业集群，助力济南市打造全省&ldquo;光谷&rdquo;和长江以北光通讯产业&ldquo;龙头&rdquo;。项目全部投产后，将形成年产500吨光纤预制棒、700万芯公里光纤生产能力，预计可实现年销售收入23.5亿元，利税5.8亿元。</p>\r\n', '2019-12-05', '17');

-- ----------------------------
-- Table structure for `cart`
-- ----------------------------
DROP TABLE IF EXISTS `cart`;
CREATE TABLE `cart` (
  `cartid` varchar(255) NOT NULL,
  `usersid` varchar(255) DEFAULT NULL,
  `jiancaiid` varchar(255) DEFAULT NULL,
  `num` varchar(255) DEFAULT NULL,
  `price` varchar(255) DEFAULT NULL,
  PRIMARY KEY (`cartid`)
) ENGINE=InnoDB DEFAULT CHARSET=utf8;

-- ----------------------------
-- Records of cart
-- ----------------------------
INSERT INTO `cart` VALUES ('C20191208223219576', 'U20190322185600284', 'F20191206220447918', '1', '130');
INSERT INTO `cart` VALUES ('C20191215203910232', 'U20191209223638652', 'F20191207094043834', '1', '80');
INSERT INTO `cart` VALUES ('C20191215203916325', 'U20191209223638652', 'F20191206220154729', '1', '30');

-- ----------------------------
-- Table structure for `cate`
-- ----------------------------
DROP TABLE IF EXISTS `cate`;
CREATE TABLE `cate` (
  `cateid` varchar(255) NOT NULL,
  `catename` varchar(255) DEFAULT NULL,
  `memo` varchar(255) DEFAULT NULL,
  `addtime` varchar(255) DEFAULT NULL,
  PRIMARY KEY (`cateid`)
) ENGINE=InnoDB DEFAULT CHARSET=utf8;

-- ----------------------------
-- Records of cate
-- ----------------------------
INSERT INTO `cate` VALUES ('C20191206161335141', '瓷砖', '地面使用', '2019-12-06');
INSERT INTO `cate` VALUES ('C20191206161354535', '地板', '木地板', '2019-12-06');
INSERT INTO `cate` VALUES ('C20191206161408513', '三合板', '装修使用', '2019-12-06');
INSERT INTO `cate` VALUES ('C20191206161428422', '塑料水管', '塑料水管', '2019-12-06');
INSERT INTO `cate` VALUES ('C20191206161457594', '钢水管', '装修时候使用，一般内嵌在墙壁中 ', '2019-12-06');
INSERT INTO `cate` VALUES ('C20191206191017123', '水泥', '建筑使用', '2019-12-06');

-- ----------------------------
-- Table structure for `city`
-- ----------------------------
DROP TABLE IF EXISTS `city`;
CREATE TABLE `city` (
  `cityid` varchar(255) NOT NULL,
  `cityname` varchar(255) DEFAULT NULL,
  PRIMARY KEY (`cityid`)
) ENGINE=InnoDB DEFAULT CHARSET=utf8;

-- ----------------------------
-- Records of city
-- ----------------------------
INSERT INTO `city` VALUES ('C20190119125810218', '深圳市');
INSERT INTO `city` VALUES ('C20190119125813209', '南昌市');
INSERT INTO `city` VALUES ('C20190320222453176', '北京市');
INSERT INTO `city` VALUES ('C20191206162432496', '南京市');
INSERT INTO `city` VALUES ('C20191206191109966', '大连市');
INSERT INTO `city` VALUES ('C20191206193312492', '大理市');

-- ----------------------------
-- Table structure for `details`
-- ----------------------------
DROP TABLE IF EXISTS `details`;
CREATE TABLE `details` (
  `detailsid` varchar(255) NOT NULL,
  `ordercode` varchar(255) DEFAULT NULL,
  `jiancaiid` varchar(255) DEFAULT NULL,
  `num` varchar(255) DEFAULT NULL,
  `price` varchar(255) DEFAULT NULL,
  `cityid` varchar(255) DEFAULT NULL,
  `peihuoid` varchar(255) DEFAULT NULL,
  `viewdate` varchar(255) DEFAULT NULL,
  PRIMARY KEY (`detailsid`)
) ENGINE=InnoDB DEFAULT CHARSET=utf8;

-- ----------------------------
-- Records of details
-- ----------------------------
INSERT INTO `details` VALUES ('201912061717466929.463456676575', 'PD20191206171746', 'F20191206171407543', '1', '121212', 'C20190320222453176', 'C20191206162232292', '2019-12-20');
INSERT INTO `details` VALUES ('201912061904355030.796916817609', 'PD20191206190435', 'F20191206172323205', '1', '100', 'C20190119125810218', 'C20191206162402632', '2019-12-01');
INSERT INTO `details` VALUES ('2019120708135510379.281550941982', 'PD20191207081355', 'F20191206214349162', '1', '9', 'C20190320222453176', 'C20191206162232292', '2019-10-28');
INSERT INTO `details` VALUES ('201912070813551331.9056931866876', 'PD20191207081355', 'F20191206213534216', '1', '80', 'C20190320222453176', 'C20191206162232292', '2019-10-28');
INSERT INTO `details` VALUES ('201912070813554898.787593517579', 'PD20191207081355', 'F20191206220318604', '1', '50', 'C20190320222453176', 'C20191206162232292', '2019-10-28');
INSERT INTO `details` VALUES ('2019120720055410642.773609190446', 'PD20191207200554', 'F20191206210506904', '2222', '588', 'C20191207180631817', 'C20191207180827760', '2019-12-25');
INSERT INTO `details` VALUES ('201912072005541345.4697922484502', 'PD20191207200554', 'F20191206210506904', '1', '588', 'C20191207180631817', 'C20191207180827760', '2019-12-25');
INSERT INTO `details` VALUES ('201912072251198456.00621879298', 'PD20191207225119', 'F20191206210852521', '1', '1000', 'C20191206191109966', 'C20191207174608974', '2019-12-04');
INSERT INTO `details` VALUES ('201912072258329298.762408666087', 'PD20191207225832', 'F20191207093804108', '1', '9', 'C20191206193312492', 'C20191206162310372', '2019-12-12');
INSERT INTO `details` VALUES ('2019120723284711868.960397735396', 'PD20191207232847', 'F20191206210852521', '1', '1000', 'C20191206193312492', 'C20191206162310372', '2019-12-25');
INSERT INTO `details` VALUES ('201912072351416364.740171431991', 'PD20191207235141', 'F20191207094043834', '1', '80', 'C20191206193312492', 'C20191206162310372', '2019-12-18');
INSERT INTO `details` VALUES ('201912081019056781.93230040858', 'PD20191208101905', 'F20191206213818165', '1', '7', 'C20191206193312492', 'C20191206162310372', '2019-12-01');
INSERT INTO `details` VALUES ('201912081021533105.9046763733263', 'PD20191208102153', 'F20191206220447918', '1', '130', 'C20191206193312492', 'C20191206162310372', '2019-12-03');
INSERT INTO `details` VALUES ('201912081744515106.808574478113', 'PD20191208174451', 'F20191206220447918', '1', '130', 'C20191206193312492', 'C20191206162310372', '2019-12-01');
INSERT INTO `details` VALUES ('201912081745187985.963922926682', 'PD20191208174518', 'F20191207093804108', '1', '9', 'C20191206191109966', 'C20191207174608974', '2019-09-29');
INSERT INTO `details` VALUES ('201912081905326826.918275343126', 'PD20191208190532', 'F20191206220447918', '1', '130', 'C20191206193312492', 'C20191206162310372', '2019-12-09');
INSERT INTO `details` VALUES ('2019120819412910411.316857281477', 'PD20191208194129', 'F20191207093804108', '1', '9', 'C20191206193312492', 'C20191206162310372', '2019-12-10');
INSERT INTO `details` VALUES ('201912082209151811.6239529960137', 'PD20191208220915', 'F20191206210506904', '1', '588', 'C20191206193312492', 'C20191206162310372', '2019-12-17');
INSERT INTO `details` VALUES ('201912082209156575.936652642426', 'PD20191208220915', 'F20191206212742736', '1', '100', 'C20191206193312492', 'C20191206162310372', '2019-12-17');
INSERT INTO `details` VALUES ('201912082214079426.311447182872', 'PD20191208221407', 'F20191206210506904', '1', '588', 'C20191206191109966', 'C20191207174608974', '2019-12-17');
INSERT INTO `details` VALUES ('2019120822203010254.119250077223', 'PD20191208222030', 'F20191207093804108', '1', '9', 'C20191206193312492', 'C20191206162310372', '2019-12-17');
INSERT INTO `details` VALUES ('201912082220308720.07608501606', 'PD20191208222030', 'F20191206211244229', '1', '1950', 'C20191206193312492', 'C20191206162310372', '2019-12-17');
INSERT INTO `details` VALUES ('201912082230079901.787733108858', 'PD20191208223007', 'F20191206220447918', '1', '130', 'C20191206193312492', 'C20191206162310372', '2019-12-10');
INSERT INTO `details` VALUES ('201912082241055572.778551274233', 'PD20191208224105', 'F20191206215633256', '1', '20', 'C20191206193312492', 'C20191206162310372', '2019-12-10');
INSERT INTO `details` VALUES ('2019120918412811440.293663650235', 'PD20191209184128', 'F20191206213534216', '11', '80', 'C20191206193312492', 'C20191206162310372', '2019-12-10');
INSERT INTO `details` VALUES ('201912092236582101.225119674378', 'PD20191209223658', 'F20191206211244229', '1', '1950', 'C20191206191109966', 'C20191207174608974', '2019-12-10');
INSERT INTO `details` VALUES ('201912092246312769.00728120474', 'PD20191209224631', 'F20191206214019340', '1', '100', 'C20191206191109966', 'C20191207174608974', '2019-12-10');
INSERT INTO `details` VALUES ('201912092247591582.914763866254', 'PD20191209224759', 'F20191207094043834', '1', '80', 'C20191206191109966', 'C20191207174608974', '2019-12-17');
INSERT INTO `details` VALUES ('201912092312153507.194537905958', 'PD20191209231215', 'F20191206210506904', '1', '588', 'C20191206191109966', 'C20191207174608974', '2019-12-11');
INSERT INTO `details` VALUES ('201912101025503709.190578261094', 'PD20191210102550', 'F20191207094043834', '1', '80', 'C20191206193312492', 'C20191206162310372', '2019-12-11');
INSERT INTO `details` VALUES ('201912120841224847.756642890587', 'PD20191212084122', 'F20191206210506904', '1', '588', 'C20191206193312492', 'C20191206162310372', '2019-12-19');
INSERT INTO `details` VALUES ('2019121516455611202.387456857157', 'PD20191215164556', 'F20191207093322285', '1', '19.5', 'C20191206193312492', 'C20191206162310372', '2019-12-28');
INSERT INTO `details` VALUES ('201912151645564046.210770611469', 'PD20191215164556', 'F20191206210506904', '1', '588', 'C20191206193312492', 'C20191206162310372', '2019-12-28');
INSERT INTO `details` VALUES ('201912151645566022.868051103059', 'PD20191215164556', 'F20191206210506904', '1', '588', 'C20191206193312492', 'C20191206162310372', '2019-12-28');
INSERT INTO `details` VALUES ('201912151645566920.613624695804', 'PD20191215164556', 'F20191206211530764', '1', '2000', 'C20191206193312492', 'C20191206162310372', '2019-12-28');
INSERT INTO `details` VALUES ('201912151645574950.41990816304', 'PD20191215164556', 'F20191206210506904', '5', '588', 'C20191206193312492', 'C20191206162310372', '2019-12-28');
INSERT INTO `details` VALUES ('202001310656256796.730632905858', 'PD20200131065625', 'F20191206210852521', '1', '1000', 'C20191206193312492', 'C20191206162310372', '2020-02-08');
INSERT INTO `details` VALUES ('202001311352467170.742397576455', 'PD20200131135246', 'F20191206210506904', '1', '588', 'C20191206191109966', 'C20191207174608974', '2020-01-31');

-- ----------------------------
-- Table structure for `jiancai`
-- ----------------------------
DROP TABLE IF EXISTS `jiancai`;
CREATE TABLE `jiancai` (
  `jiancaiid` varchar(255) NOT NULL,
  `jiancainame` varchar(255) DEFAULT NULL,
  `image` varchar(255) DEFAULT NULL,
  `cateid` varchar(255) DEFAULT NULL,
  `price` varchar(255) DEFAULT NULL,
  `recommend` varchar(255) DEFAULT NULL,
  `thestart` varchar(255) DEFAULT NULL,
  `theend` varchar(255) DEFAULT NULL,
  `hits` varchar(255) DEFAULT NULL,
  `sellnum` varchar(255) DEFAULT NULL,
  `contents` varchar(6000) DEFAULT NULL,
  PRIMARY KEY (`jiancaiid`)
) ENGINE=InnoDB DEFAULT CHARSET=utf8;

-- ----------------------------
-- Records of jiancai
-- ----------------------------
INSERT INTO `jiancai` VALUES ('F20191206210506904', '不发火水泥', 'upfiles/20191206210318.jpg', 'C20191206191017123', '588', '否', '2019-12-06', '2020-01-06', '38', '2235', '<p>优质特种建材产品</p>\r\n');
INSERT INTO `jiancai` VALUES ('F20191206210852521', '耐酸水泥', 'upfiles/20191206210556.jpg', 'C20191206191017123', '1000', '是', '2019-12-07', '2020-01-30', '13', '3', '<p>耐酸水泥</p>\r\n');
INSERT INTO `jiancai` VALUES ('F20191206211133734', '白流平水泥', 'upfiles/20191206210952.jpg', 'C20191206191017123', '1500', '否', '2019-12-01', '2020-01-01', '2', '0', '<p>薄层自流平 厚层自流平 工装自流平水泥 面层高强自流平</p>\r\n');
INSERT INTO `jiancai` VALUES ('F20191206211244229', '铝酸盐水泥', 'upfiles/20191206211144.jpg', 'C20191206191017123', '1950', '否', '2019-12-02', '2019-12-04', '6', '2', '<p>超耐耐火水泥铝酸盐水泥 CA50-A600高铝水泥 耐高温凝结快强度高 耐火水泥耐火水泥袋装高铝耐火水泥</p>\r\n');
INSERT INTO `jiancai` VALUES ('F20191206211530764', '双快水泥', 'upfiles/20191206211301.jpg', 'C20191206191017123', '2000', '否', '2019-12-27', '2020-01-10', '12', '1', '<p>工程抢修快干水泥</p>\r\n');
INSERT INTO `jiancai` VALUES ('F20191206211638639', '山牌水泥', 'upfiles/20191206211542.jpg', 'C20191206191017123', '900', '否', '2019-12-03', '2019-12-05', '0', '0', '<p>低碱度硫铝酸盐水泥</p>\r\n');
INSERT INTO `jiancai` VALUES ('F20191206211810244', '超细水泥', 'upfiles/20191206211647.jpg', 'C20191206191017123', '2500', '是', '2020-12-03', '2021-01-29', '0', '0', '<p>超细水泥，品质保证</p>\r\n');
INSERT INTO `jiancai` VALUES ('F20191206212742736', '柔性防水套管', 'upfiles/20191206212633.jpg', 'C20191206161457594', '100', '否', '2019-12-01', '2020-01-06', '8', '1', '<p>柔性防水套管 钢制柔性套管 加长防水套管 水管钢套钢</p>\r\n');
INSERT INTO `jiancai` VALUES ('F20191206212843197', '钢制柔性套管', 'upfiles/20191206212827.jpg', 'C20191206161457594', '110', '否', '2019-12-02', '2020-01-07', '1', '0', '<p>柔性防水套管 钢制柔性套管 加长防水套管 水管钢套钢</p>\r\n');
INSERT INTO `jiancai` VALUES ('F20191206212940686', '加长防水套管', 'upfiles/20191206212926.jpg', 'C20191206161457594', '130', '否', '2019-12-04', '2020-01-08', '0', '0', '<p>柔性防水套管 钢制柔性套管 加长防水套管 水管钢套钢</p>\r\n');
INSERT INTO `jiancai` VALUES ('F20191206213025388', '水管钢套钢', 'upfiles/20191206213006.jpg', 'C20191206161457594', '132', '否', '2019-12-07', '2020-01-10', '9', '0', '<p>柔性防水套管 钢制柔性套管 加长防水套管 水管钢套钢</p>\r\n');
INSERT INTO `jiancai` VALUES ('F20191206213229114', '薄壁不锈钢水管', 'upfiles/20191206213034.jpg', 'C20191206161457594', '125', '否', '2019-12-10', '2020-01-04', '1', '0', '<p>薄壁不锈钢水管厂家批发卡压式不锈钢水管304不需要钢水管管件</p>\r\n');
INSERT INTO `jiancai` VALUES ('F20191206213433201', '钢板卷制钢井管', 'upfiles/20191206213335.jpg', 'C20191206161457594', '99', '否', '2019-12-02', '2019-12-30', '1', '0', '<p>钢板卷制钢井管 降水井用滤水管桥式滤水管 圆孔钢井管273mm桥式滤水管生产加工量大优惠</p>\r\n');
INSERT INTO `jiancai` VALUES ('F20191206213534216', '双卡压管', 'upfiles/20191206213442.jpg', 'C20191206161457594', '80', '是', '2019-12-28', '2020-01-09', '7', '12', '<p>代替ppr管件 双卡压管件 304覆塑不绣钢水管 加工定制激光切割</p>\r\n');
INSERT INTO `jiancai` VALUES ('F20191206213818165', '塑料水管', 'upfiles/20191206213736.jpg', 'C20191206161428422', '7', '否', '2019-12-02', '2020-01-03', '7', '1', '<p>塑料水管结实耐用 带钢丝铁丝的水管 厂家直销</p>\r\n');
INSERT INTO `jiancai` VALUES ('F20191206214019340', '纤维增强软管 ', 'upfiles/20191206213936.jpg', 'C20191206161428422', '100', '是', '2019-12-01', '2019-12-30', '1', '1', '<p>1寸PVC纤维增强软管 蛇皮管 网线管 有味塑料水管</p>\r\n');
INSERT INTO `jiancai` VALUES ('F20191206214144443', '耐磨蛇皮管', 'upfiles/20191206214102.jpg', 'C20191206161428422', '10', '否', '2019-12-02', '2020-01-09', '0', '0', '<p>耐磨蛇皮管 纤维增强无味网纹管 透明耐压塑料水管</p>\r\n');
INSERT INTO `jiancai` VALUES ('F20191206214349162', '耐磨防爆软', 'upfiles/20191206214318.jpg', 'C20191206161428422', '9', '是', '2019-12-02', '2020-01-11', '2', '1', '<p>耐磨防爆软管 pvc塑料增强软管 透明塑料水管</p>\r\n');
INSERT INTO `jiancai` VALUES ('F20191206214730997', '多层板', 'upfiles/20191206214633.jpg', 'C20191206161408513', '30', '否', '2019-12-02', '2020-01-08', '1', '0', '<p>12厘多层板 包装板 阻燃板 细木工板三合板 邢台包装板</p>\r\n');
INSERT INTO `jiancai` VALUES ('F20191206214913681', '墙板装饰板三合板', 'upfiles/20191206214855.jpg', 'C20191206161408513', '33', '是', '2019-12-02', '2020-01-09', '0', '0', '<p>水禾田 厚芯环保装饰板 办公室装修面板厚芯板 环保E1级厚芯板 装修墙板装饰板三合板 商场工程厚芯三合板 厂家直销</p>\r\n');
INSERT INTO `jiancai` VALUES ('F20191206215101927', '杨木多层包装板', 'upfiles/20191206215011.jpg', 'C20191206161408513', '50', '否', '2019-12-09', '2020-01-11', '0', '0', '<p>批发5-20厘杨木多层包装板胶合板密度复合整芯三合板</p>\r\n');
INSERT INTO `jiancai` VALUES ('F20191206215331289', 'OA网络地板', 'upfiles/20191206215244.jpg', 'C20191206161354535', '30', '是', '2019-12-02', '2019-12-31', '4', '0', '<p><em>5A级写字楼专用 拆装便捷 平整度高</em></p>\r\n');
INSERT INTO `jiancai` VALUES ('F20191206215506121', '实木地板', 'upfiles/20191206215432.png', 'C20191206161354535', '17', '否', '2019-12-03', '2020-01-10', '0', '0', '<p>三层厚芯实木地板</p>\r\n');
INSERT INTO `jiancai` VALUES ('F20191206215633256', '防腐木地板', 'upfiles/20191206215558.jpg', 'C20191206161354535', '20', '是', '2019-12-11', '2020-01-09', '2', '1', '<p>防腐木地板</p>\r\n');
INSERT INTO `jiancai` VALUES ('F20191206215831333', '石塑地板', 'upfiles/20191206215734.jpg', 'C20191206161354535', '46', '是', '2019-12-02', '2021-01-01', '1', '0', '<p>石塑地板加厚耐磨层 地暖可用 免胶地板</p>\r\n');
INSERT INTO `jiancai` VALUES ('F20191206220154729', '大理石瓷砖拼花砖', 'upfiles/20191206220101.jpg', 'C20191206161335141', '30', '是', '2019-12-01', '2021-12-16', '7', '0', '<p>800*800大理石瓷砖拼花砖</p>\r\n');
INSERT INTO `jiancai` VALUES ('F20191206220318604', '金刚石瓷砖', 'upfiles/20191206220245.jpg', 'C20191206161335141', '50', '否', '2019-12-03', '2021-12-10', '5', '1', '<p>新款普通金刚石瓷砖800-800-客厅防滑大理石</p>\r\n');
INSERT INTO `jiancai` VALUES ('F20191206220447918', '瓷砖', 'upfiles/20191206220412.jpg', 'C20191206161335141', '130', '是', '2019-12-02', '2020-12-10', '12', '4', '');
INSERT INTO `jiancai` VALUES ('F20191206220604452', '红派瓷砖', 'upfiles/20191206220548.jpg', 'C20191206161335141', '125', '是', '2019-12-04', '2021-12-03', '3', '0', '<p>瓷抛砖 红派瓷砖</p>\r\n');
INSERT INTO `jiancai` VALUES ('F20191207091102619', '渗透结晶型水泥', 'upfiles/20191207091044.jpg', 'C20191206191017123', '200', '否', '2019-12-01', '2020-01-16', '0', '0', '<p>水泥基渗透结晶活性母料是专业用于生产：水泥基渗透结晶型防水涂料（简称：CCCW）的核心添加剂。其主要防水原理是：材料中含有的活性化合物与水作用后，以水为载体向砼的微孔及毛细管中渗透、充盈，渗透到砼内部孔隙中的活性化合物与砼内的游离氧化钙交互反应，生成不溶于水的枝蔓状纤维结晶物，结晶物在结构孔缝中吸水膨胀，由疏至密，逐渐形成一个致密的抗渗区域，从而使结构整体具备了优秀的防水抗渗能力，并有保护钢筋、增加密实度、提高强度的效果。由于水泥的水化反应是一个不完全的反应过程，在不失水的状态下，多年以后反应仍有进行，而在后期的水化反应过程中，同样能继续催化活性化合物而生成结晶，因此，结构即使被水再次穿透或局部受损开裂（裂缝小于0.4mm），在结晶的作用下也能自行修补愈合，具有多次防水抗渗的能力。</p>\r\n');
INSERT INTO `jiancai` VALUES ('F20191207091332724', '普通硅酸盐水泥', 'upfiles/20191207091319.jpg', 'C20191206191017123', '520', '是', '2019-12-02', '2020-01-10', '0', '0', '<p>普通硅酸盐水泥PO425R，早期强度高，凝结硬化快，抗冻性好，耐磨性较强，施工性能好，广泛适用于室内装修、工装、工程建设中。</p>\r\n');
INSERT INTO `jiancai` VALUES ('F20191207092453460', '铝酸钙水泥', 'upfiles/20191207092439.jpg', 'C20191206191017123', '1500', '否', '2019-12-03', '2020-01-09', '1', '0', '<p>1500-1800度铝酸钙CA-70，CA-80铝酸钙水泥专用白色耐火水泥</p>\r\n');
INSERT INTO `jiancai` VALUES ('F20191207093322285', '不锈钢管', 'upfiles/20191207093238.jpg', 'C20191206161457594', '19.5', '否', '2019-12-01', '2020-01-08', '5', '1', '<p>304不锈钢薄壁水管卡压式水管管件DN15-DN100-规格齐全</p>\r\n');
INSERT INTO `jiancai` VALUES ('F20191207093520403', '塑料软式波纹透水', 'upfiles/20191207093502.jpg', 'C20191206161428422', '20', '否', '2019-12-03', '2020-01-11', '3', '0', '<p>塑料软式波纹透水</p>\r\n');
INSERT INTO `jiancai` VALUES ('F20191207093637700', '透明pvc软管', 'upfiles/20191207093612.jpg', 'C20191206161428422', '11', '是', '2019-12-02', '2020-01-08', '7', '0', '<p>透明pvc软管 耐高温四季塑料水管 耐油耐寒</p>\r\n');
INSERT INTO `jiancai` VALUES ('F20191207093804108', '耐磨防爆软管', 'upfiles/20191207093746.jpg', 'C20191206161428422', '9', '否', '2019-12-02', '2020-12-10', '8', '4', '<p>耐磨防爆软管 pvc塑料增强软管 透明塑料水管</p>\r\n');
INSERT INTO `jiancai` VALUES ('F20191207094043834', '家居装修三合板', 'upfiles/20191207094000.jpg', 'C20191206161408513', '80', '否', '2019-12-03', '2020-12-24', '10', '3', '<p>家居装修优质耐磨耐腐蚀三合板 批发家具板 三合板</p>\r\n');
INSERT INTO `jiancai` VALUES ('F20191207094223443', '杨木夹芯板', 'upfiles/20191207094202.jpg', 'C20191206161408513', '20', '否', '2019-12-02', '2020-12-31', '4', '0', '<p>杨木夹芯板</p>\r\n');

-- ----------------------------
-- Table structure for `orders`
-- ----------------------------
DROP TABLE IF EXISTS `orders`;
CREATE TABLE `orders` (
  `ordersid` varchar(255) NOT NULL,
  `ordercode` varchar(255) DEFAULT NULL,
  `usersid` varchar(255) DEFAULT NULL,
  `total` varchar(255) DEFAULT NULL,
  `status` varchar(255) DEFAULT NULL,
  `addtime` varchar(255) DEFAULT NULL,
  PRIMARY KEY (`ordersid`)
) ENGINE=InnoDB DEFAULT CHARSET=utf8;

-- ----------------------------
-- Records of orders
-- ----------------------------
INSERT INTO `orders` VALUES ('O20191206190435371', 'PD20191206190435', 'U20191206190240829', '100.0', '未付款', '2019-12-06');
INSERT INTO `orders` VALUES ('O20191207081355638', 'PD20191207081355', 'U20191206190240829', '139.0', '未付款', '2019-12-07');
INSERT INTO `orders` VALUES ('O20191207200554724', 'PD20191207200554', 'U20191207200348257', '1307124.0', '已付款', '2019-12-07');
INSERT INTO `orders` VALUES ('O20191207225119325', 'PD20191207225119', 'U20190322185600284', '1000.0', '未付款', '2019-12-07');
INSERT INTO `orders` VALUES ('O20191207225833785', 'PD20191207225832', 'U20190322185600284', '9.0', '已付款', '2019-12-07');
INSERT INTO `orders` VALUES ('O20191207232848869', 'PD20191207232847', 'U20191207200348257', '1000.0', '未付款', '2019-12-07');
INSERT INTO `orders` VALUES ('O20191207235142623', 'PD20191207235141', 'U20191207233813955', '80.0', '未付款', '2019-12-07');
INSERT INTO `orders` VALUES ('O20191208101905800', 'PD20191208101905', 'U20191207233813955', '7.0', '未付款', '2019-12-08');
INSERT INTO `orders` VALUES ('O20191208102153466', 'PD20191208102153', 'U20191207233813955', '130.0', '未付款', '2019-12-08');
INSERT INTO `orders` VALUES ('O20191208174451913', 'PD20191208174451', 'U20191208174311791', '130.0', '已付款', '2019-12-08');
INSERT INTO `orders` VALUES ('O20191208174518437', 'PD20191208174518', 'U20191208174311791', '9.0', '未付款', '2019-12-08');
INSERT INTO `orders` VALUES ('O20191208190532615', 'PD20191208190532', 'U20191208185203925', '130.0', '已付款', '2019-12-08');
INSERT INTO `orders` VALUES ('O20191208194130202', 'PD20191208194129', 'U20191208185203925', '9.0', '已付款', '2019-12-08');
INSERT INTO `orders` VALUES ('O20191208220916336', 'PD20191208220915', 'U20191208185203925', '688.0', '已付款', '2019-12-08');
INSERT INTO `orders` VALUES ('O20191208221407285', 'PD20191208221407', 'U20191208185203925', '588.0', '已付款', '2019-12-08');
INSERT INTO `orders` VALUES ('O20191208222031979', 'PD20191208222030', 'U20190322185600284', '1959.0', '未付款', '2019-12-08');
INSERT INTO `orders` VALUES ('O20191208223008120', 'PD20191208223007', 'U20191208185203925', '130.0', '已付款', '2019-12-08');
INSERT INTO `orders` VALUES ('O20191208224105216', 'PD20191208224105', 'U20191208185203925', '20.0', '已付款', '2019-12-08');
INSERT INTO `orders` VALUES ('O20191209184128486', 'PD20191209184128', 'U20191208185203925', '880.0', '已付款', '2019-12-09');
INSERT INTO `orders` VALUES ('O20191209223658153', 'PD20191209223658', 'U20191209223638652', '1950.0', '已付款', '2019-12-09');
INSERT INTO `orders` VALUES ('O20191209224631118', 'PD20191209224631', 'U20191209223638652', '100.0', '已付款', '2019-12-09');
INSERT INTO `orders` VALUES ('O20191209224759614', 'PD20191209224759', 'U20191209223638652', '80.0', '已付款', '2019-12-09');
INSERT INTO `orders` VALUES ('O20191209231215233', 'PD20191209231215', 'U20191209223638652', '588.0', '未付款', '2019-12-09');
INSERT INTO `orders` VALUES ('O20191210102550403', 'PD20191210102550', 'U20191209223638652', '80.0', '未付款', '2019-12-10');
INSERT INTO `orders` VALUES ('O20191212084123445', 'PD20191212084122', 'U20191209223638652', '588.0', '未付款', '2019-12-12');
INSERT INTO `orders` VALUES ('O20191215164557394', 'PD20191215164556', 'U20191209223638652', '6135.5', '未付款', '2019-12-15');
INSERT INTO `orders` VALUES ('O20200131065626504', 'PD20200131065625', 'U20200131065514286', '1000.0', '未付款', '2020-01-31');
INSERT INTO `orders` VALUES ('O20200131135246288', 'PD20200131135246', 'U20191208174311791', '588.0', '未付款', '2020-01-31');

-- ----------------------------
-- Table structure for `peihuo`
-- ----------------------------
DROP TABLE IF EXISTS `peihuo`;
CREATE TABLE `peihuo` (
  `peihuoid` varchar(255) NOT NULL,
  `peihuoname` varchar(255) DEFAULT NULL,
  `cityid` varchar(255) DEFAULT NULL,
  `address` varchar(255) DEFAULT NULL,
  `contact` varchar(255) DEFAULT NULL,
  `memo` varchar(255) DEFAULT NULL,
  PRIMARY KEY (`peihuoid`)
) ENGINE=InnoDB DEFAULT CHARSET=utf8;

-- ----------------------------
-- Records of peihuo
-- ----------------------------
INSERT INTO `peihuo` VALUES ('C20191206162232292', '北京朝阳建材采购华北配货点', 'C20190320222453176', '北京市朝阳区天安大街', '13022502404', '负责华北区域');
INSERT INTO `peihuo` VALUES ('C20191206162310372', '大理龙城配货站', 'C20191206193312492', '大理市八一广场东400米', '13022502404', '负责华西区域');
INSERT INTO `peihuo` VALUES ('C20191206162402632', '深圳南山鸿运配货站', 'C20190119125810218', '深圳南山区鸿运大道135号', '13022502404', '负责华南区域');
INSERT INTO `peihuo` VALUES ('C20191206162452455', '南京正泰配货点', 'C20191206162432496', '南京市夫子庙街道', '13022502404', '负责华东区域');
INSERT INTO `peihuo` VALUES ('C20191207174608974', '大连龙城配货站', 'C20191206191109966', '大连龙城配货站', '13022502404', '负责东北区域');
INSERT INTO `peihuo` VALUES ('C20191207180827760', '北京朝阳', 'C20191207180631817', '北京朝阳区', '13225896565', '新配货站');

-- ----------------------------
-- Table structure for `topic`
-- ----------------------------
DROP TABLE IF EXISTS `topic`;
CREATE TABLE `topic` (
  `topicid` varchar(255) NOT NULL,
  `usersid` varchar(255) DEFAULT NULL,
  `jiancaiid` varchar(255) DEFAULT NULL,
  `num` varchar(255) DEFAULT NULL,
  `contents` varchar(6000) DEFAULT NULL,
  `addtime` varchar(255) DEFAULT NULL,
  PRIMARY KEY (`topicid`)
) ENGINE=InnoDB DEFAULT CHARSET=utf8;

-- ----------------------------
-- Records of topic
-- ----------------------------
INSERT INTO `topic` VALUES ('T20191206171831975', 'U20190322185600284', 'F20191206171407543', '5', 'kyide ', '2019-12-06');
INSERT INTO `topic` VALUES ('T20191206222210608', 'U20191206190240829', 'F20191206213534216', '2', '了，ll', '2019-12-06');
INSERT INTO `topic` VALUES ('T20191207200748294', 'U20191207200348257', 'F20191206220154729', '5', '金家街', '2019-12-07');
INSERT INTO `topic` VALUES ('T20191207201437804', 'U20191207200348257', 'F20191206220154729', '4', '非的故事', '2019-12-07');
INSERT INTO `topic` VALUES ('T20191207232340398', 'U20191207200348257', 'F20191206212742736', '5', '6666+\r\n', '2019-12-07');
INSERT INTO `topic` VALUES ('T20191208191936978', 'U20191208185203925', 'F20191207093322285', '5', '1111', '2019-12-08');
INSERT INTO `topic` VALUES ('T20191208193414242', 'U20191208185203925', 'F20191206215331289', '4', '很好的地板', '2019-12-08');
INSERT INTO `topic` VALUES ('T20191208213455467', 'U20190322185600284', 'F20191206220447918', '1', '6666', '2019-12-08');
INSERT INTO `topic` VALUES ('T20191208215433789', 'U20191208185203925', 'F20191206213818165', '5', '啊飒飒啊', '2019-12-08');
INSERT INTO `topic` VALUES ('T20191210103159946', 'U20191209223638652', 'F20191207093520403', '5', '好啊\r\n', '2019-12-10');

-- ----------------------------
-- Table structure for `users`
-- ----------------------------
DROP TABLE IF EXISTS `users`;
CREATE TABLE `users` (
  `usersid` varchar(255) NOT NULL,
  `username` varchar(255) DEFAULT NULL,
  `password` varchar(255) DEFAULT NULL,
  `realname` varchar(255) DEFAULT NULL,
  `sex` varchar(255) DEFAULT NULL,
  `birthday` varchar(255) DEFAULT NULL,
  `contact` varchar(255) DEFAULT NULL,
  `regdate` varchar(255) DEFAULT NULL,
  PRIMARY KEY (`usersid`)
) ENGINE=InnoDB DEFAULT CHARSET=utf8;

-- ----------------------------
-- Records of users
-- ----------------------------
INSERT INTO `users` VALUES ('U20191208174311791', 'user', '123456', '88', '男', '2020-01-07', '13247589658', '2019-12-08');
INSERT INTO `users` VALUES ('U20191208230111159', '222222', '2', '2', '男', '2019-12-17', '15524727819', '2019-12-08');
INSERT INTO `users` VALUES ('U20191209223638652', '1', '1', '1', '男', '2019-12-02', '13258964785', '2019-12-09');
INSERT INTO `users` VALUES ('U20191211222120676', '2', '2', '2', '男', '2019-12-02', '18974859685', '2019-12-11');
INSERT INTO `users` VALUES ('U20191218161336155', '陈大伟', '18941359779', '陈', '男', '2019-12-02', '18941359779', '2019-12-18');
INSERT INTO `users` VALUES ('U20200131065414268', 'wu', '1234567', 'wxin', '男', '2020-01-02', '13123196086', '2020-01-31');
INSERT INTO `users` VALUES ('U20200131065514286', 'xin', '111', 'grre', '男', '2020-01-16', '13123456741', '2020-01-31');
